experiment,variant,note,mae,rmse,bias,pearson_r,negative_fraction,building_mae,building_rmse,ground_mae,vegetation_mae,boundary_mae,boundary_bg_mae,grad_mae,seam_mae,jump_ratio,runtime_ms_per_tile,mean_shift_m,n_tiles,delta_mae,delta_rmse,delta_building_mae,delta_boundary_mae,delta_grad_mae,verdict,failed_rules
c1,v0_raw,baseline (24 tiles),5.268182745789518,7.630592609559957,-3.1281632571659426,0.4762453469431754,0.0,5.195353001252248,6.737798357315448,1.279640334063927,7.01176455628124,4.631913452494973,1.9595506731357704,0.38049372420870453,nan,0.05101321448572017,1.4265052499998394,nan,24,0.0,0.0,0.0,0.0,0.0,BASELINE,[]
c1,v1_median,3x3 median + spike removal,5.266753396116456,7.629230866617888,-3.1310092990399467,0.4766666225041507,0.0,5.194943516340733,6.737237610751653,1.2756798914648846,7.011011231899823,4.630873285657203,1.9574577223739702,0.3785687206511367,nan,0.04943488100731384,6975.120746166795,-0.0028460418740035762,24,-0.0014293496730619637,-0.001361742942068922,-0.0004094849115148236,-0.0010401668377699735,-0.001925003557567806,PASS,[]
c1,v2_guided,"guided r=4, eps=1e-3 + spike removal",5.2355781080627075,7.566641938456975,-3.124794979470861,0.4817503949985804,0.0,5.149899809953525,6.66816276088788,1.3112841957193417,6.956333411439118,4.596718617475739,2.016133797313452,0.3710038693250525,nan,0.05211808936979268,6363.871259333299,0.003081892920568652,24,-0.032604637726810104,-0.06395067110298225,-0.04545319129872283,-0.03519483501923393,-0.009489854883652005,PASS,[]
gr8,v2_guided,guided r=8 (radius sweep),5.2067300245435435,7.48913793549936,-3.1166964240428805,0.48645064332523313,0.0,5.088924856164684,6.571428871841284,1.397194337284142,6.901038359547308,4.5737378338886625,2.1477340933524878,0.3712295748749983,nan,0.05408846139846921,6143.23482383323,0.010786545706918366,24,-0.06145272124597412,-0.14145467406059709,-0.10642814508756437,-0.058175618606310486,-0.009264149333706229,PASS,[]
gr12,v2_guided,guided r=12 (radius sweep),5.201412277503135,7.436296930823256,-3.1063895331840796,0.48660606297417247,0.0,5.031646068551923,6.477176158203156,1.5267628353619622,6.883268795659923,4.5754098182506615,2.304146309402876,0.37509030699972756,nan,0.053593910558866094,6688.046490583322,0.020626672140706376,24,-0.066770468286383,-0.19429567873670095,-0.16370693270032532,-0.056503634244311485,-0.005403417208976968,PASS,[]
gr16,v2_guided,guided r=16 (radius sweep),5.217229258550513,7.410597832591422,-3.094846576176112,0.48221172488240766,0.0,4.982065467930228,6.39762055308594,1.6838255393037194,6.897678871453185,4.596977122959083,2.461767864354599,0.37935057059253,nan,0.05261337436324745,6788.444844541421,0.031745099579371744,24,-0.0509534872390045,-0.21999477696853553,-0.21328753332201966,-0.03493632953589021,-0.0011431536161745082,PASS,[]
c2,v3_bilateral,joint bilateral r=5 + spike removal,5.250463475620778,7.599185129408677,-3.128700942178798,0.47940824982431113,0.0,5.178277888513695,6.709758609093773,1.2868605113542715,6.981646377558813,4.610321994350369,1.9721832336788643,0.3787539759836444,nan,0.05538516565959493,7948.174926583345,-0.0005376850128554026,24,-0.01771927016873942,-0.031407480151280254,-0.01707511273855289,-0.021591458144603948,-0.0017397482250601226,PASS,[]
c2,v3b_wls,WLS lambda=1 + spike removal,5.264791037710335,7.624626981632862,-3.1282295788041736,0.4768580226273369,0.0,5.1907388509628705,6.731093324570996,1.2811515135018332,7.006687560830315,4.627992346839647,1.9620805779848116,0.3793964276035649,nan,0.05031802503038938,7106.703301708308,-6.633178631976211e-05,24,-0.0033917080791825427,-0.005965627927094985,-0.0046141502893775055,-0.003921105655326329,-0.0010972966051396305,PASS,[]
lam8,v3b_wls,WLS lambda=8 (lambda sweep),5.254035448362551,7.604170751604021,-3.128229597798615,0.4786779875264698,0.0,5.17755323107373,6.7103348112140155,1.2906382426596386,6.987855496050083,4.617574500601506,1.9755109942441018,0.37824367186357505,nan,0.049832922930074186,7871.080255958455,-6.634623551198444e-05,24,-0.014147297426966965,-0.026421857955936545,-0.017799770178518415,-0.014338951893466678,-0.002250052345129483,PASS,[]
lam24,v3b_wls,WLS lambda=24 (lambda sweep),5.241839161942468,7.578668136315112,-3.1282296395699376,0.4806183728846229,0.0,5.163661449551232,6.687022823893401,1.3090952883568183,6.96379372418678,4.607044406514209,1.9962678961210767,0.3770381739575486,nan,0.049268000367363146,9148.013229833168,-6.638508726015495e-05,24,-0.0263435838470496,-0.051924473244845615,-0.031691551701015896,-0.024869045980763893,-0.003455550251155959,PASS,[]
lam8,v5_semantic_wls,semantic WLS lambda=8,5.2540998585279794,7.6042873879556465,-3.1282295955872272,0.4786656534037375,0.0,5.177588498867309,6.710439557495344,1.290623934995429,6.987995863679423,4.6176432741355,1.9754958252411665,0.3782440751889165,nan,0.04983071091694713,7893.795406624956,-6.634411030270737e-05,24,-0.014082887261538168,-0.026305221604310702,-0.017764502384938652,-0.014270178359472752,-0.002249649019788025,PASS,[]
lam24,v5_semantic_wls,semantic WLS lambda=24,5.241936144141364,7.578844782786867,-3.12822963962484,0.4806005446381638,0.0,5.163712608396037,6.687166941134113,1.3090524759577993,6.964012178400579,4.607146824628937,1.9962283850439928,0.37704040212402495,nan,0.04926532950090819,9219.721087708649,-6.63851455583823e-05,24,-0.026246601648153955,-0.051747826773090644,-0.03164039285621101,-0.024766627866036117,-0.0034533220846795776,PASS,[]
c3,v4_conf_wls,confidence WLS lambda=1,5.260151150003204,7.617327184698154,-3.1365994614415684,0.4780484358451876,0.0,5.187244047552628,6.724011659326858,1.2756407445795288,6.999995997138675,4.624406208125532,1.9589270152272131,0.37778089087848693,nan,0.049713031536211004,9002.72183595818,-0.008436219520265964,24,-0.008031595786313517,-0.013265424861803154,-0.008108953699619725,-0.007507244369440613,-0.002712833330217601,PASS,[]
c3,v5_semantic_wls,semantic WLS lambda=1,5.264811827559452,7.624664951801635,-3.1282295735878782,0.4768538285615866,0.0,5.1907519586527116,6.7311292228720765,1.2811504482907805,7.0067298297273295,4.628014108764614,1.962080036942427,0.3793966430438811,nan,0.050319215618764374,7229.006634708375,-6.632724245394146e-05,24,-0.0033709182300656337,-0.005927657758322269,-0.00460104259953642,-0.0038993437303593836,-0.0010970811648234324,PASS,[]
c4,v7_sem_conf_wls,semantic+conf WLS lambda=1,5.26018490199408,7.617390260034917,-3.1365155816729655,0.4780394914556807,0.0,5.187252963493876,6.724077490675344,1.2756858784328466,7.000065974220786,4.624441189096003,1.958973570822618,0.37778117014917334,nan,0.049717055854603814,8004.380637958396,-0.008352339836785896,24,-0.007997843795437554,-0.013202349525040624,-0.008100037758372203,-0.007472263398970114,-0.0027125540595311914,PASS,[]
c5,v6_tta,TTA median fusion (8 tiles),4.857013762607742,7.289640087169544,-2.4442872606190487,0.500600238398314,0.0,4.710657638946342,6.2271643603182625,1.1905198081220858,6.723653487135669,4.193342898942585,1.7196466548845029,0.37549641208166884,nan,0.044282074349116206,13868.705889625062,-0.2964156861118522,8,-0.41116898318177597,-0.3409525223904133,-0.4846953623059056,-0.4385705535523883,-0.004997312127035691,FAIL,[]
c6,v8_full,full pipeline + TTA (8 tiles),4.849768486960503,7.277679333270874,-2.450637757074091,0.5026493261470073,0.0,4.705009970221281,6.216705289347475,1.1889585757309453,6.7133637316605075,4.18726783299597,1.7244913113023432,0.3729800765022463,nan,0.04283559979613954,20977.04879524963,-0.3027661922137642,8,-0.4184142588290145,-0.3529132762890832,-0.4903430310309673,-0.4446456194990027,-0.007513647706458237,FAIL,[]
c7,v9_full_planar,full + planar + TTA (6 tiles),5.026430105143349,7.4060380605886,-2.191693403489905,0.5092180597509722,0.0,4.9301857530931095,6.4541900365095435,1.3968582447874993,6.663261625008871,4.181531422599655,1.9288192415306329,0.3809200330379707,nan,0.04077476610121295,21480.422158333415,-0.382323958806804,6,-0.24175264064616897,-0.22455454897135763,-0.2651672481591385,-0.4503820298953176,0.0004263088292661421,FAIL,[]
